IDind,daily_calories_2000,daily_calories_2011,height_cm_2000,height_cm_2011,age_2000,age_2011
211101008005,2267.826466666667,2286.613966333333,162.0,175.0,12.0,24.0
211101008061,1671.8564071666667,2166.041309666667,120.2,172.0,6.0,17.0
211103013003,1884.0648676666667,1385.5031769999998,163.0,164.5,17.0,28.0
211104001004,3394.813400234727,1526.421314,142.0,165.0,12.0,23.0
211104004003,1575.503092777778,1520.743544888889,160.0,170.5,15.0,26.0
211104011003,1697.2609006666664,954.825052,142.0,158.8,14.0,25.0
211104123002,2409.5883672442833,1500.530403888889,136.0,173.0,12.0,23.0
211203006005,2749.243509,2923.792919943516,176.6,180.0,16.0,27.0
211208008003,1034.5128386666668,2238.3305193809524,149.0,180.8,12.0,23.0
211208020005,764.9999999999999,2154.5728759999997,76.0,160.0,1.0,12.0
212101065003,1968.3707064999999,1885.5648860555557,144.5,179.1,12.0,23.0
212101066003,1389.0754816666667,1565.499221666667,163.2,160.0,13.0,24.0
212103062003,1645.2418799999998,1438.2398176666666,71.0,137.6,0.0,11.0
212103064003,1166.0417433333334,1702.0307153333333,146.7,159.0,12.0,23.0
212104019003,1750.8419519999998,2234.640701777778,161.5,171.2,15.0,26.0
212201063003,1377.0857763333336,627.70676,118.0,166.5,5.0,16.0
212202009005,1090.071568,1060.6633483333335,161.0,168.0,16.0,27.0
212202016004,1969.6459313333335,1987.6561016666665,155.0,168.9,12.0,23.0
212202020003,1505.9095906666669,782.3207486666666,158.0,167.6,12.0,23.0
212202062005,621.0840273333333,1360.0584346666667,88.0,154.5,1.0,12.0
212204005061,1672.9758510000001,1046.7192856666666,,165.5,19.0,30.0
212302006004,2059.1817963333338,1681.1090886666668,138.0,170.8,11.0,22.0
212303020062,1024.063213,1810.7136583333333,,155.0,1.0,12.0
212304012004,2233.7076,2777.7923090000004,161.3,157.9,19.0,31.0
212304015064,2075.095954666667,1941.004352,130.0,175.5,10.0,21.0
212305004003,1997.2967210000002,2161.2134353333336,79.5,146.0,1.0,11.0
212305019003,3018.24086,2237.036531,144.2,161.0,11.0,22.0
212401064003,2596.915498055556,1259.14658,153.4,157.5,16.0,27.0
212401068005,1116.8866050000001,1445.6980256666666,119.4,165.0,6.0,17.0
212401069005,2672.994950222222,2679.1735253333336,173.3,183.5,14.0,25.0
212402007003,3033.0248799999995,2637.4174466577574,177.0,184.2,16.0,27.0
212402014003,2728.0571032322096,2498.5295213333334,177.0,178.0,17.0,29.0
212402019003,2187.5349106666667,1324.0329373333334,156.5,160.1,11.0,22.0
212403005061,1371.4150676666668,1637.316869666667,99.6,158.1,3.0,14.0
212403013063,1565.1412513333335,2561.243749,126.0,167.5,9.0,20.0
212404004004,1207.9581726666665,2464.417075809524,141.5,175.1,11.0,22.0
212404005004,1965.1511763333335,2129.710088,167.0,168.5,17.0,28.0
212404006003,1460.0430669999998,2747.226381,166.5,171.5,14.0,25.0
212404010003,1728.1867006666669,2214.540358333333,151.0,182.5,12.0,23.0
212404013004,1040.524206,1496.1830543333333,150.0,156.1,12.0,23.0
212404014004,1261.7919366666667,2294.9131276666667,147.0,170.5,12.0,23.0
231101015003,1189.4027144444447,2091.676205,151.2,180.0,11.0,22.0
231101017003,1609.882221,2571.2557584126985,157.9,161.3,17.0,28.0
231102065003,1496.9727002222223,1743.4677156666667,85.0,160.0,2.0,13.0
231103002003,993.2344410416665,1890.958688,104.0,162.1,4.0,15.0
231103009004,1469.1096023333332,911.301042,152.0,163.2,12.0,23.0
231103009005,692.487015,899.7058840000001,101.5,167.3,4.0,15.0
231103011004,1131.4925750833333,1061.1577635555557,143.2,165.7,10.0,21.0
231103011005,791.0082739999999,1226.4341696666668,97.1,163.4,3.0,14.0
231103012004,1924.1907906666668,1260.770904,144.6,183.5,10.0,21.0
231103016004,1387.5876375964915,1600.8832622222224,142.2,167.9,11.0,22.0
231103019061,627.896342,741.9499706666666,,163.1,1.0,12.0
231104001003,1746.7100128333332,2654.4612493333334,173.0,175.0,15.0,26.0
231104004003,2080.636883333333,1700.0069336666666,152.0,157.3,15.0,26.0
231104004004,2004.866266666667,1514.6785616666668,119.0,158.1,7.0,18.0
231104005005,1715.3222883333335,2105.6967022154017,119.0,175.0,5.0,16.0
231104006003,1518.3877263333331,2040.3841966666666,114.0,172.0,5.0,16.0
231104017005,1381.641113,1651.6258966666664,103.0,164.0,3.0,14.0
231203017004,2117.9333540000002,1783.5210286666668,167.0,177.6,13.0,24.0
231203062003,1155.175,1353.6978041666666,129.0,162.0,9.0,20.0
231204016003,1123.558838,700.0932337142858,121.9,156.0,8.0,19.0
232102005003,1433.9759643333334,1398.345501,146.8,170.1,12.0,23.0
232102020003,1177.9893973333335,1373.064448,153.0,178.8,12.0,23.0
232103004004,1499.1184269999999,2956.328548,108.7,172.8,4.0,15.0
232104064003,1456.8555555555558,1646.7377546666667,133.8,155.6,8.0,19.0
232202004003,1228.2568860000001,1739.254505238095,112.4,170.6,6.0,16.0
232202061003,668.1533333333333,1620.2162526666668,,158.2,2.0,13.0
232203017003,622.687221,1482.7663170000003,98.0,150.2,3.0,14.0
232204002003,1343.2966159999999,1718.7971223333334,125.0,163.2,10.0,21.0
232204017061,451.25810533333333,2305.8451346666666,87.0,143.1,2.0,12.0
232205062003,648.9717135000001,1622.7091926666665,78.0,160.4,1.0,12.0
232205065005,1101.4534766666668,1815.678408,115.0,173.4,4.0,15.0
232205070005,1005.1053246666667,2086.289188,102.2,163.2,4.0,15.0
232205080003,1606.2253623333334,1855.648765,115.0,160.4,5.0,16.0
232301003003,935.4550791666667,1524.50496725,,167.0,4.0,15.0
232301005003,1135.2685291666667,2870.5931556111113,92.0,167.0,3.0,14.0
232302013003,1564.8269443333336,3036.2908886666664,152.1,184.0,12.0,23.0
232302015003,2216.574540333333,1732.41753,132.2,163.0,8.0,19.0
232302141001,2577.0041666666666,2452.2143749999996,159.2,172.0,12.0,23.0
232302143002,982.9188333333333,2180.310622333334,150.0,158.8,13.0,24.0
232303081001,1719.3204999999998,3346.992192423884,178.8,170.0,18.0,29.0
232304005003,1645.357103,2888.2540013333332,153.4,173.0,13.0,24.0
232304020003,1584.15049,2625.1768503333333,,170.0,18.0,29.0
232401006003,1630.7495063333333,2406.946248142857,118.0,170.0,5.0,16.0
232401008003,1657.94250025,2898.8573943333336,108.0,170.0,5.0,16.0
232401009003,1538.545291,3087.511170333333,115.0,165.0,7.0,18.0
232401010002,1989.6577054040401,2782.0921089999997,112.5,174.0,6.0,17.0
232402008003,2708.089110820643,2077.6547706666665,158.0,171.0,11.0,22.0
232402008004,1761.4751879999997,1393.576538,120.0,160.0,8.0,19.0
232402011005,2659.317619,1789.4646543333336,172.0,170.0,18.0,29.0
232402016003,2666.979833777778,2740.8815966666666,165.0,165.0,16.0,27.0
232404001003,1543.2701430000002,1763.7458286666667,120.5,176.9,7.0,18.0
232404004004,1189.2138996666665,1940.8866084285717,99.9,175.0,3.0,14.0
232404005003,1175.8960983333332,1598.0692283333335,98.5,172.0,3.0,14.0
232404014005,1805.4591196666668,2856.5400769999997,126.0,176.5,7.0,18.0
232404015004,2942.116806,2312.600559666667,168.0,164.7,17.0,28.0
232404020003,1391.8386134999998,1354.077406,131.0,158.6,9.0,20.0
232404141001,1948.795,2105.244141333333,168.0,170.0,19.0,30.0
321102003003,2804.797938888889,1569.704242222222,171.3,172.1,19.0,31.0
321102009003,2055.2738271666667,1801.1996931111107,157.0,158.7,17.0,28.0
321102017041,1105.5762433333334,1530.0252900000003,112.0,164.6,4.0,15.0
321102081003,716.418,1330.9678707930934,86.2,154.0,2.0,13.0
321104002003,1664.6833254444446,880.6361420634921,154.0,155.1,16.0,27.0
321104004005,2626.806904444444,1808.8466402380955,157.4,181.3,13.0,24.0
321104008003,2580.963348333333,3443.9163714285714,148.5,165.7,14.0,25.0
321104009061,995.3162657777779,2414.9313656114878,92.2,159.1,2.0,13.0
321104014061,1423.783647333333,1734.8801285820891,,156.2,2.0,13.0
321104015004,2071.1797942222224,1672.958330277778,157.5,162.9,13.0,24.0
321104015061,1106.2796111111113,2511.0616458302807,,150.6,1.0,12.0
321104017021,2001.7732086666667,883.6602953333335,129.5,159.2,9.0,20.0
321104019005,1661.5007807777777,2602.8040964126985,154.5,157.6,13.0,24.0
321105008003,2535.7304240000003,1870.015088452381,143.7,178.2,9.0,20.0
321105012005,2021.18331125,1505.121196037625,142.1,163.1,11.0,22.0
321105016003,2566.2164285555555,2230.3358202923973,155.0,174.1,14.0,25.0
321105018006,1247.7804495,1512.73986,102.0,157.9,4.0,15.0
321107001005,749.6533333333333,2042.3476758888885,92.4,157.4,3.0,14.0
321206004004,1367.3258996666666,2515.845514,115.0,153.1,5.0,16.0
321208003003,2463.480407333333,2110.035813666667,168.0,186.5,12.0,23.0
321208007003,1807.933364166667,3102.6940138095238,172.0,177.0,18.0,29.0
321208008004,2853.64943625,1474.6572542857145,177.0,180.0,18.0,29.0
321208009006,1259.384213,1581.2888069651744,140.0,168.0,9.0,20.0
321208013003,2099.1632377777773,1453.5998296666664,163.0,165.0,15.0,26.0
321208014007,1198.8423444444445,778.4384506666667,,155.0,3.0,14.0
321208018005,2189.1860429999997,2960.8702106666665,157.0,171.0,12.0,23.0
321208019007,1559.051632,1542.0856833333335,125.0,160.0,7.0,18.0
322103002004,2056.7006583333336,2324.9288630000005,143.0,170.0,13.0,24.0
322103003003,2152.2690713333327,1921.0474113333332,149.0,165.0,14.0,25.0
322103003004,2161.1952459999998,1822.2054643333333,151.0,165.0,12.0,23.0
322103005003,2754.6049816666673,2343.7233553333335,165.0,171.0,15.0,26.0
322103008003,2060.024157429753,1666.7207333333336,155.0,172.0,13.0,24.0
322103010004,2338.088846,1496.526471,157.0,168.0,13.0,24.0
322103011004,2914.097801666667,2514.8199603333337,171.0,175.0,18.0,29.0
322103016021,969.0208383333332,2752.2383566666667,137.0,175.0,10.0,21.0
322103017062,830.2250383333334,971.4761408333334,78.0,145.0,1.0,12.0
322103061003,627.9820916666666,1664.6732231111112,96.0,158.0,3.0,14.0
322104061003,1238.9390843333333,2691.4628915439066,,158.0,2.0,13.0
322105003003,1052.6405473333334,1862.5030024999999,,173.0,5.0,16.0
322105007006,758.4130346666667,2183.800997083333,86.0,165.0,1.0,12.0
322105008003,2001.429291166667,2266.9078623333335,153.0,161.0,11.0,22.0
322105010003,1323.0609633333333,2384.6227998333334,120.0,171.2,7.0,18.0
322105011004,2703.354823166667,3387.2081737469575,180.0,163.0,18.0,29.0
322105012002,1180.1620187500002,2105.98031875,,160.0,3.0,14.0
322105016005,2275.6193083333333,3335.2174444166662,162.0,170.0,14.0,25.0
322105017005,1150.4272983333333,2339.46615625,,177.0,2.0,13.0
322202031003,2039.7025495555554,3613.509281,131.4,173.0,8.0,19.0
322202064003,683.2439745833334,4113.639343240739,,168.0,3.0,14.0
322203042006,1324.5546963333334,1631.9774736666666,120.5,176.0,6.0,17.0
322204003005,2008.6850000000002,3000.632431,151.5,167.5,13.0,24.0
322302001021,1223.4668383333335,1942.8127120000001,130.4,152.3,9.0,20.0
322302009003,2258.316713333333,1796.0417191111112,153.1,156.6,16.0,27.0
322302011042,1028.8372563333332,2816.8286371727213,95.5,167.9,3.0,14.0
322302015021,2293.737932777778,2825.0814840555554,130.6,172.4,10.0,21.0
322302016003,2530.7500686666667,1847.039616666667,146.0,168.4,12.0,22.0
322302019003,2242.2532135555557,2630.259636666666,141.4,145.0,12.0,23.0
322302061003,1566.4882203333334,2545.673846944123,85.0,157.6,2.0,13.0
322303008022,2083.761521666667,2704.1843956666667,134.9,171.2,10.0,21.0
322303031003,2007.6457054444445,2408.474293777778,135.0,185.5,7.0,18.0
322305001003,1502.2281533333332,2354.194029111111,106.1,170.4,5.0,16.0
322305001004,1760.6073080555554,2072.9762366666664,109.1,177.5,5.0,16.0
322305007003,1968.941918888889,2148.4719999999998,119.4,163.2,6.0,17.0
322305008003,1830.898363333333,1424.0111399999998,118.0,172.0,6.0,16.0
322305012003,2588.5031516666663,1769.2763069999999,153.0,155.4,15.0,26.0
322305015003,3570.7397635220127,1082.455013,169.6,174.4,14.0,25.0
322305020003,1464.57215,2186.9334705555557,107.1,173.2,4.0,15.0
322402002003,2190.903617,919.1876843333334,155.5,157.5,15.0,26.0
322402006041,1066.5071222222223,1744.0430565238094,108.4,158.5,5.0,16.0
322402014005,1820.4496603333334,2197.4298333333336,,162.5,11.0,22.0
322402017042,1362.2086456666666,1883.126336666667,,165.0,4.0,15.0
322402082003,875.9111111111112,2657.1425783333334,,171.0,5.0,16.0
322402084003,694.9236111111112,2522.836070111111,93.2,151.0,4.0,15.0
322402121003,733.5013888888889,1418.7917063333334,,155.5,4.0,14.0
322402123003,1468.1633333333336,2187.6261255555555,,173.5,7.0,18.0
322403010003,2140.128654,1617.2851597222223,155.0,171.5,13.0,24.0
371103006022,2040.0288513333335,3256.8811730363263,136.0,178.0,9.0,20.0
371103010061,1127.3144743333335,1313.9467187500002,92.0,148.5,2.0,13.0
371103064003,2594.795894444445,1749.4924966666665,158.0,160.0,15.0,27.0
371103065003,2896.8731559999997,3686.148059333333,178.0,178.0,16.0,27.0
371103066003,3729.616021222222,3359.630476,176.0,174.0,19.0,30.0
371108004005,603.1361408888888,2396.5623658333334,,165.0,1.0,12.0
371108007003,2339.2884513333333,1938.6150574166666,161.0,165.0,14.0,25.0
371108011004,2345.929456,1793.1656996666668,,176.0,14.0,25.0
371108013005,974.3656094166666,1935.6684519444443,,160.0,7.0,18.0
371108017003,2111.353829,2879.4510468333333,169.0,165.0,14.0,25.0
371108019003,2208.669690888889,2202.1555355,160.0,160.0,16.0,28.0
371203045003,2522.2955506666667,1472.623319333333,155.0,166.0,12.0,23.0
371203057003,3162.2547195833336,1046.9027290000001,164.0,172.0,14.0,24.0
372101001004,1342.1476426666666,2037.750108,139.0,159.7,12.0,23.0
372101008005,1527.2446706666667,3092.089910416667,160.0,174.4,14.0,25.0
372101045004,3402.8628377499995,2195.3405852499995,155.0,161.2,14.0,25.0
372101047003,1902.0236275,2507.755979,172.6,173.0,18.0,29.0
372102018004,2045.72587225,2406.5167735,143.0,165.5,12.0,23.0
372102041004,2495.8118716666663,2315.3067324999997,160.0,173.7,13.0,24.0
372102042004,2114.941445666667,1691.450975388889,145.0,156.5,13.0,24.0
372102042005,2177.4278839999997,1787.647067888889,158.0,167.5,11.0,22.0
372103008003,2136.53994,2737.136121666667,160.0,173.5,13.0,24.0
372103008004,2523.1207523333337,2406.4177693333336,147.0,174.6,10.0,21.0
372103018003,1058.9291006666667,2777.805288333333,165.0,166.1,18.0,29.0
372104001004,1732.786589666667,2803.5653849999994,154.0,173.5,12.0,23.0
372104002004,1911.2540374999999,2905.9630153333333,150.0,181.2,13.0,23.0
372201014006,1636.4941998333334,2365.271338,175.0,177.0,16.0,27.0
372202124003,959.9650000000001,3365.7609379999994,105.0,175.5,4.0,15.0
372203012006,1672.7462939999998,2124.193501333333,160.0,160.0,17.0,28.0
372204001005,1967.6195493333332,1904.6763858333334,172.0,174.0,15.0,26.0
372204015003,2992.816824333333,1891.5428525,,177.2,11.0,22.0
372204016003,1522.2893776666667,3263.5551644444445,157.0,172.0,12.0,23.0
372204018005,2115.5142183333332,2688.9114193333335,140.0,170.0,14.0,25.0
372301001003,2338.5850987500003,1875.4684133333337,138.5,172.2,11.0,22.0
372302001004,1520.666053,1588.0855473333334,154.4,158.5,11.0,22.0
372302006022,1347.8028222222222,2017.8779705555553,131.0,175.2,9.0,20.0
372302007003,2059.3111031666667,1828.3099886666666,174.0,177.2,14.0,25.0
372303004041,1934.9560139716104,1889.8543239166668,,162.0,6.0,17.0
372303006042,999.9440916666666,1579.9666666666665,109.0,175.0,5.0,16.0
372304019021,1820.2791535833337,2064.02216775,138.5,159.2,12.0,23.0
372401017004,1645.8035136666667,15875.88651177778,154.0,192.0,11.0,22.0
372401018005,1546.7178243333335,1536.7949326666667,174.0,180.0,14.0,25.0
411102007042,1645.5992773657927,1784.043668333333,128.0,164.5,7.0,18.0
411102011005,1412.0905266666668,1625.8703836666666,167.0,168.0,16.0,27.0
411102042004,1366.3253866666666,1538.006607333333,157.0,173.4,12.0,23.0
411103005041,903.2507932222221,1319.4409153333336,116.5,160.0,6.0,18.0
411103006041,778.761465,1719.079562,,165.8,4.0,15.0
411103014003,1452.3443253333335,1833.3172376666664,172.0,172.4,18.0,30.0
411103041003,1658.8999683333334,1508.5059439166669,156.0,166.2,12.0,23.0
411103042004,2301.944629,2041.004555666667,146.0,172.0,11.0,22.0
411103043004,1795.4248513333332,1693.3774993333334,,153.2,3.0,14.0
411103044003,1316.5637639999998,1546.1166666666668,151.0,156.9,14.0,25.0
411201006004,1867.8367286666664,2377.13547125,156.5,171.0,13.0,24.0
411201010021,1483.341119333333,1226.1284716666667,161.0,160.0,10.0,21.0
411201017003,2140.3046615000003,2176.61451,162.2,179.0,14.0,25.0
412101010063,1355.8723017777777,1415.8084792500001,,178.0,4.0,15.0
412101011032,2233.4351253333334,1037.57628,119.5,159.2,9.0,20.0
412101047003,1350.1172979444443,1972.4443724444445,168.6,175.5,15.0,26.0
412101047004,1705.9430391666665,1852.8844774444442,166.4,167.8,15.0,26.0
412103041003,1581.776720888889,2413.008027952381,123.5,173.4,6.0,17.0
412104002061,1451.2889016666666,1581.0428,89.0,158.3,2.0,13.0
412104017031,1735.537676,1317.8058926666665,133.1,169.5,9.0,20.0
412104017061,712.1380826666665,1598.1571136666669,92.0,172.4,2.0,13.0
412201004021,1611.0316666666665,2911.791869666667,131.0,163.0,10.0,21.0
412204002021,1223.249545,2604.7928309999998,131.3,173.0,9.0,20.0
412204012005,2412.512932,2284.846372,136.0,162.0,11.0,22.0
412301121003,1073.035,1641.8455145555554,,152.1,1.0,12.0
412302081063,831.8533333333334,1513.7751966666665,100.0,163.1,5.0,16.0
412303003061,1851.6117116666665,1922.2799199999997,,177.9,8.0,19.0
412303016003,2017.188425,3521.045179555555,140.0,170.7,11.0,22.0
412303017006,1376.6564646666666,1589.652953888889,94.0,155.4,4.0,15.0
412303018061,716.6143165000001,2399.5690336666667,95.0,160.9,3.0,14.0
412303061003,1136.8786836666666,933.5870516666668,,148.7,2.0,13.0
412304004003,2696.6485343333334,1848.9039686666667,160.0,163.4,16.0,26.0
412304017062,1205.416568,1451.0513486666669,,165.5,6.0,17.0
412401004021,1006.8827964444444,1054.0159621428572,,160.0,9.0,20.0
412402006061,537.3115746666667,1523.7722796666667,79.0,160.0,2.0,13.0
412402007021,1612.2470103333333,1282.7128333333333,123.0,134.9,10.0,21.0
412402083032,814.9016666666666,1132.0131468055554,123.0,167.0,7.0,18.0
412403010004,2724.2406106666663,2166.862925666667,166.0,167.0,18.0,29.0
412403013041,1255.171263,2421.8460333333333,105.0,159.0,6.0,17.0
412403017041,1859.3448066666667,2306.995372176101,117.0,180.0,6.0,17.0
412404003022,624.1148876666667,2405.579581666667,135.0,158.0,9.0,20.0
412404006042,639.6301836666668,1341.3547246666667,96.0,168.0,4.0,15.0
412404008042,1425.3371861111111,2039.2549,97.0,163.0,3.0,14.0
421101016041,1280.6307841666667,3199.664663333333,105.7,167.0,5.0,16.0
421101041003,1487.6715425,1919.4865291666665,99.5,170.0,3.0,14.0
421101042003,1030.744925,2369.9637455555558,111.8,158.5,5.0,16.0
421101061003,2359.0021166666666,2216.163655,120.0,164.0,6.0,17.0
421103002003,1834.5799153333335,2165.510824761905,144.1,156.8,13.0,24.0
421103041003,1460.3856966666665,1716.6468779166669,115.7,146.3,8.0,19.0
421104003002,474.9465108333334,1661.9269290476188,,145.5,15.0,26.0
421104010003,1852.2116666666668,2895.409073041525,163.2,173.5,16.0,28.0
421202012007,2334.282687166666,2153.4870416666668,151.8,163.0,12.0,23.0
421202015004,2035.8240493333335,1395.488051,177.5,173.2,14.0,25.0
421203004003,1766.135193666667,1484.5256650000001,,170.0,12.0,23.0
421203019064,2350.168597083333,2005.1102783333333,,173.2,16.0,26.0
421203041004,1712.3924414444446,3007.828500333333,156.2,163.4,13.0,24.0
421203042004,2449.979396666667,1924.9160685714287,147.4,168.0,13.0,23.0
421203044004,1463.1621379166666,1695.2529719444444,118.1,160.0,6.0,17.0
421204002004,2186.24635715873,2805.524407375,145.1,164.0,12.0,22.0
421204005031,2520.935888666667,3045.2108726666665,127.9,177.6,8.0,19.0
421204009005,1778.2808333333332,1954.2754208333336,139.2,178.2,12.0,23.0
421204011004,1352.8993719999999,1045.8783951644966,144.7,158.0,14.0,25.0
421204042004,1700.155984666667,1063.3990069999998,150.0,167.0,12.0,23.0
422101005003,1358.096577666667,2615.55448625,163.0,160.0,17.0,29.0
422103005041,1453.1420704166667,2313.4320328571425,118.0,176.1,6.0,17.0
422103017004,2207.446459166667,2249.2756525,157.1,162.0,18.0,29.0
422103061003,1620.23119,1915.0150208333332,120.0,160.0,7.0,18.0
422201012004,2359.41008175,4729.558199523809,143.5,177.0,11.0,22.0
422202002003,3252.08140375,4626.623727806394,171.5,171.0,19.0,30.0
422202014005,1825.2142087500004,2985.0743383333333,132.0,164.0,11.0,22.0
422202017006,2860.744588,2798.256766666667,154.0,173.0,13.0,24.0
422302012003,1285.1250183333334,2318.1390383333332,164.0,167.0,16.0,27.0
422302017004,2266.4973950000003,2422.522335916666,163.0,170.0,14.0,25.0
422302041005,1671.6330070833337,3685.481305,118.0,164.5,8.0,19.0
422302085003,690.335,2262.82870625,94.0,153.0,2.0,13.0
422303013042,1221.5047379999999,2565.6850746666664,107.0,178.0,4.0,15.0
422303014042,1561.2009633333334,2423.3519537499997,92.0,167.5,3.0,14.0
422304002042,678.3639676666667,2742.2512891666665,98.0,167.0,3.0,14.0
422304101004,669.9591666666666,2083.8073135833333,81.0,159.0,1.0,12.0
422401017003,2283.911211,2828.8051206666664,143.5,178.0,11.0,22.0
422404003004,1612.5137889999999,2203.386629666666,168.0,174.0,13.0,24.0
422404018005,845.3161070000001,2902.8256469999997,112.0,154.0,7.0,17.0
431101001003,1876.0262708333332,1631.0888836666666,149.5,172.0,13.0,24.0
431101004003,2245.3689026666666,2390.604209333334,172.0,173.8,18.0,29.0
431101004004,1637.2150708333331,1426.1289726666666,158.2,175.8,13.0,24.0
431101005004,2056.3072236666667,2385.102069416667,155.2,159.9,14.0,25.0
431101006004,2163.4455254166664,1262.8256566666666,178.0,180.0,16.0,28.0
431101008003,1576.5475059999999,2304.379656083333,161.0,164.0,16.0,27.0
431101008004,1846.7436225555557,3080.8079666666667,167.2,172.3,14.0,25.0
431101009003,1310.7510516666669,1358.8286266666667,147.6,180.2,11.0,22.0
431101010003,2032.314192,1735.9501183333332,153.6,158.0,16.0,27.0
431101010004,2062.8320803333336,1869.1765200000002,146.4,179.0,14.0,25.0
431101019003,2357.595679,2465.5332881111112,143.5,160.0,13.0,24.0
431101019021,2490.1840439999996,3731.449123888889,164.5,172.0,15.0,26.0
431102041003,2811.98834,1849.8496156666668,163.0,170.2,12.0,23.0
431102042004,1486.6458470000005,1319.8654484444444,,162.4,17.0,28.0
431102063003,3198.0808896666663,1328.4736679166665,158.5,164.0,16.0,27.0
431102065003,1964.6474770833336,2494.677594666667,160.0,160.9,19.0,30.0
431102065004,2454.337023333333,1907.610438222222,145.0,169.5,11.0,22.0
431103002004,1915.5126966666667,2006.2458333333334,158.0,165.0,16.0,27.0
431103011003,2017.9854006666665,2113.88,161.5,174.0,15.0,26.0
431103011004,2017.9854006666665,2162.6766666666667,152.0,174.0,14.0,25.0
431103081021,1126.38,2238.184623587313,103.5,170.0,10.0,21.0
431103142001,1079.895,2169.2803129166664,173.0,171.5,19.0,30.0
431201046003,2078.2312699999998,1619.6982495833333,140.0,160.0,13.0,24.0
431203002003,2267.3647324999997,1970.3950616666668,159.0,170.5,13.0,23.0
431203013003,2470.668333333333,2188.5317491666665,162.0,161.5,19.0,30.0
431203019004,2375.0233153333334,2629.3325655555554,163.0,160.0,19.0,30.0
431203042003,2205.6869943333336,2141.0373409523813,164.0,165.0,14.0,25.0
431204002004,2523.7340999999997,2249.413989583333,160.0,175.0,12.0,23.0
431204004003,3488.570932,2622.9407750000005,158.0,172.5,15.0,26.0
431204006004,3531.844787,1998.9193133333335,153.0,168.0,15.0,26.0
431204007003,2780.5133860000005,975.8850479166667,140.0,152.0,11.0,22.0
431204018003,2505.03072,697.4109408333334,148.3,162.0,15.0,26.0
431204043003,1541.905152666667,1749.5311976666665,160.0,160.0,19.0,30.0
432101122003,887.8733333333333,1340.6021173333331,81.0,120.0,2.0,13.0
432102004003,2134.4197187500004,2509.0141596666667,130.8,160.0,11.0,22.0
432103061003,654.6592350000001,2556.622692,97.0,162.0,4.0,15.0
432104061003,2006.659125333333,1529.578527222222,91.2,144.0,2.0,13.0
432201016003,2365.2289533333333,2223.728819,146.5,166.0,12.0,24.0
432201042004,1522.27449625,1973.8003362499996,115.7,172.0,5.0,17.0
432202005041,2119.4823300000003,2629.1032936666666,94.8,170.0,3.0,14.0
432202042003,2640.7080062499995,1397.812365,161.0,166.0,13.0,24.0
432203006003,2380.7084237500003,1637.7236375,160.0,154.0,17.0,29.0
432203006006,2449.3330800000003,1851.3586237499997,144.0,172.0,12.0,24.0
432203011005,2549.6658244166665,1378.0948141666668,163.0,165.0,15.0,27.0
432203013003,1980.1482953333334,1476.7034713333335,154.0,156.0,14.0,25.0
432204001005,1428.8834200000001,3084.260604857143,,166.0,5.0,16.0
432204003061,1092.6949216666665,1751.887355,93.0,158.0,2.0,14.0
432204012004,1853.5658116666666,2155.1989880952383,108.0,158.0,6.0,17.0
432204016004,2147.1387443333333,1943.313147222222,135.0,156.0,11.0,22.0
432204016031,2118.6985156666665,2033.6180955555556,142.0,156.0,10.0,21.0
432204018006,3020.5664391666664,2843.9498070000004,172.0,173.0,16.0,27.0
432204042061,1368.8172969999998,1996.9386571428568,70.0,140.0,1.0,12.0
432301002002,1875.734844,1844.8446301666665,162.0,162.3,18.0,28.0
432302017003,2188.214379333333,1998.150311666667,129.0,158.0,12.0,23.0
432303020004,2872.767682,2339.8282091666665,171.0,178.0,15.0,26.0
432404002005,3224.3596411111116,2578.8825286666665,168.0,167.7,18.0,29.0
432404015004,1981.2694444444442,2000.3257646666668,131.0,160.0,11.0,22.0
451104008062,897.3874226666667,1042.976007,73.0,150.5,1.0,11.0
451104009062,477.865216,1672.638695333333,77.0,142.5,2.0,12.0
451203004042,1230.5240483333334,1328.1426429166665,104.0,156.4,6.0,17.0
451203006007,2157.7024693333333,2149.8572066666666,174.0,174.4,16.0,27.0
451203008008,2576.8311566666666,1265.1634599999998,137.6,163.8,11.0,22.0
451203011032,2143.6555412499997,1240.9076876190477,125.2,151.5,8.0,18.0
451203014042,1041.5354453333334,964.1376323333334,98.0,150.9,3.0,14.0
451203016005,1980.4028216666668,1218.490256785714,158.0,163.4,17.0,28.0
451203061005,1223.101292,1316.61418,89.4,151.5,2.0,13.0
451203121003,930.9833333333332,1843.2729491666666,115.6,154.8,6.0,17.0
451203127004,1347.3999999999999,1645.229738095238,103.0,151.3,5.0,16.0
451203143005,1032.985,1214.82481,102.0,163.0,4.0,15.0
451204005062,435.8008133333333,983.1188179999999,73.5,157.5,1.0,11.0
451204010031,1512.0708583333333,777.5840890476192,113.0,167.0,7.0,18.0
451204013061,917.391207,1427.0529559999998,88.0,162.4,2.0,13.0
451204121005,845.0516666666667,968.3025736666667,91.0,152.9,3.0,14.0
451204123004,844.0366666666665,702.9478226666666,92.0,151.0,3.0,14.0
452102002043,975.2540169999999,1337.2519666666665,94.0,153.5,4.0,14.0
452102013004,2402.0753013333333,2901.731333333333,165.9,168.0,16.0,26.0
452102017004,1798.3051225000002,2073.7668933333334,157.0,159.0,15.0,25.0
452102017021,1195.9082858055556,2058.08038,138.3,160.6,10.0,21.0
452102020003,2100.146449,3676.6334077777774,178.3,180.0,16.0,27.0
452103004061,1099.5612586666666,1439.82732,84.0,159.0,1.0,12.0
452103020004,2393.538360666667,3204.6004000000007,161.4,162.2,16.0,27.0
452103043003,1255.9461000000001,2276.5371999999998,101.8,154.8,4.0,15.0
452103061003,1140.6615085,2122.0320269999997,109.3,159.2,5.0,16.0
452103062003,656.4675472067039,2237.1156876666664,91.0,156.1,3.0,13.0
452103063003,714.3813333333334,2297.74755,96.0,167.6,3.0,14.0
452103063004,407.51433333333335,2217.25065,71.5,145.2,1.0,12.0
452103065003,1358.8580066666666,1852.2808503333333,101.5,153.1,4.0,15.0
452104003005,2431.9816666666666,1998.528774,163.0,175.3,15.0,26.0
452104006062,847.3333333333334,1875.3589933333333,76.0,139.0,1.0,12.0
452104007043,1764.0501456666668,1817.5325413333333,91.8,157.3,3.0,14.0
452104012006,1532.539114444444,2907.1306,132.9,164.0,12.0,23.0
452104014005,3149.528333333333,3105.02525,163.3,165.0,17.0,28.0
452104017003,2207.513032916667,1373.2075986666666,127.5,158.0,12.0,22.0
452104020005,2997.2767140943397,2531.4366733333336,156.0,172.4,15.0,26.0
452105004003,1547.1420723333333,3119.139065,138.7,165.2,12.0,23.0
452201007006,2290.203631388889,2608.2992073333335,120.0,169.5,6.0,17.0
452201041003,1530.165841,2617.8049916666664,157.0,165.0,15.0,26.0
452201043003,1578.5608503333333,1917.8728907500001,129.5,157.5,8.0,19.0
452202082003,1082.5166666666667,1874.4080866666666,91.0,158.0,3.0,14.0
452202083003,703.5899999999998,1457.1170313333334,100.0,153.0,3.0,14.0
452203015063,1363.7662276666667,2080.8152700000005,100.0,163.5,3.0,14.0
452203123001,2056.1921666666667,2100.5244676666666,169.8,162.0,19.0,30.0
452203127003,1203.3966666666665,2410.4140016666665,97.0,147.5,2.0,13.0
452204002005,2176.6657256666663,1925.1667256666667,131.5,163.0,13.0,24.0
452204015006,3077.2448403333333,4333.248402,150.0,161.5,14.0,24.0
452204015007,3212.225620333333,2730.2456706666667,138.0,161.0,12.0,23.0
452204061003,1242.0482342222222,1924.0212609999999,95.5,158.0,4.0,15.0
452204082003,826.7925,1607.5837750000003,91.0,146.0,3.0,14.0
452301004031,1681.5252204166666,1136.1109016666667,142.0,173.0,11.0,21.0
452301008032,1468.1747602884616,2636.585468333333,123.0,171.0,7.0,18.0
452301015005,2369.3079751249998,3287.208946618864,149.1,172.0,12.0,23.0
452301016003,2407.4521686666667,2440.4786403333333,145.9,143.5,18.0,29.0
452301081003,1438.3370000000002,2080.4026800000006,129.0,172.0,8.0,19.0
452301082003,1387.7773333333334,2347.7201866666665,119.5,171.0,6.0,17.0
452302001041,1215.6200863333336,1516.595725670498,104.5,148.0,5.0,16.0
452302001042,1080.6675336666667,1517.620411111111,93.5,151.5,4.0,14.0
452302001061,1075.193429190476,1515.9885666666667,81.0,140.5,1.0,12.0
452302006061,812.8655359999999,1691.8265533333333,92.5,153.5,4.0,15.0
452302009042,1063.364811,2182.954077,97.5,142.0,3.0,14.0
452302010005,2281.2648456666666,3337.834404333333,149.7,161.5,14.0,25.0
452302011021,1394.0880763333334,2827.1598129999998,130.3,170.0,10.0,21.0
452302011041,1066.9664876666668,2154.8417740000004,103.3,166.0,4.0,14.0
452302012021,1443.6684814999999,2332.486703,120.8,156.5,9.0,20.0
452302013064,802.3686643333334,1323.0809843333334,86.0,150.0,2.0,13.0
452302016032,1288.8899316666666,2963.5362065252525,108.0,159.0,7.0,18.0
452302016041,1124.0429336666666,1794.302411386973,97.0,144.0,4.0,15.0
452302016042,992.5997592222221,2416.1828593333335,85.5,136.0,3.0,13.0
452303002006,2403.9026716666667,2487.5850758585857,153.3,163.5,13.0,24.0
452303007006,2669.224196666667,1581.4395613333334,140.6,170.5,11.0,22.0
452303009042,1158.2874176666667,1548.3675746666668,90.0,162.5,3.0,14.0
452303012042,934.6701153333333,2642.944953333333,105.0,160.0,5.0,15.0
452303012043,644.8579166666667,2012.3982799999997,85.0,137.5,3.0,13.0
452303014003,2694.0028623333337,2759.2547525252526,169.5,162.7,18.0,28.0
452303015041,1015.6621333333334,1379.58528,101.0,158.5,4.0,15.0
452303102004,879.1750000000001,1661.36542,86.0,141.0,2.0,12.0
452304041003,1244.5876976666668,2854.878794444445,116.0,170.5,7.0,18.0
452304041004,1248.4092843333335,2568.285069722222,106.5,168.5,5.0,16.0
452402009041,611.0386833333333,2440.4491946666662,132.5,174.0,7.0,18.0
452402042004,2111.146898666667,2071.374163,110.0,151.5,7.0,18.0
452402042005,1653.2870823333333,1546.335382,100.0,137.5,5.0,15.0
452403002003,2407.949461,2491.3317545,159.0,159.0,11.0,22.0
452403004007,3273.40539,2539.8662726666666,135.0,179.0,11.0,22.0
452403007004,2504.4711946666666,2084.029626333333,153.0,177.5,13.0,24.0
452404041061,1199.309082,2051.3037576666666,88.0,154.5,2.0,13.0
452404042061,972.6136966666667,1783.1250026666667,100.4,164.9,3.0,14.0
452404141003,1625.075,2244.1149313333335,117.0,165.1,7.0,18.0
521106013005,1474.8244559999996,1520.13354,125.0,151.1,10.0,21.0
521106018062,494.25180266666666,2897.9550587073663,76.0,150.8,0.0,11.0
521107005003,1282.103484,2934.2945769166668,163.0,177.2,14.0,25.0
521107005004,1223.1910105,2874.7139683333335,158.0,169.2,16.0,27.0
521107006006,1813.5677516666667,2774.6525233333336,,170.1,7.0,18.0
521107006061,1288.9170020000001,2304.874174,86.0,154.4,3.0,14.0
521107015061,944.5612983333332,1233.174632,91.0,151.2,2.0,13.0
521107018006,1884.1140446666666,1588.590865666667,146.9,156.1,17.0,28.0
521107019007,651.8976983333333,1957.6689541666667,84.0,145.3,3.0,14.0
521108012004,2572.0079345555555,2305.0753654999994,140.0,170.8,10.0,21.0
521108012005,2352.4062759999997,2061.5952340277777,121.0,150.1,9.0,20.0
521108015005,1657.382840583333,1680.8939711666665,146.0,155.2,12.0,23.0
521109017003,1449.1266666666668,3611.321402222222,,150.0,2.0,13.0
521201015003,1630.5063587500001,2063.7619482165537,128.6,152.0,11.0,22.0
521202010004,2740.4305991666665,1824.888920833333,160.2,165.0,14.0,24.0
521202042003,1250.3396399717512,4190.406603333334,115.5,174.2,7.0,18.0
521203020004,2740.2313115833335,2018.1639149999999,157.9,163.4,13.0,24.0
521204011043,924.8780906666667,1700.33636375,88.0,150.0,3.0,14.0
521204013005,2693.8333333333335,1714.9642335833335,153.7,154.2,14.0,25.0
521204014006,1204.9338341666664,1974.439953,155.8,157.2,16.0,27.0
522101015061,1076.590382,2110.8382306666667,84.0,157.5,2.0,13.0
522102001061,382.4301786666667,1611.8459194761906,89.0,159.9,2.0,13.0
522102004061,973.3927155833334,1998.44789625,80.0,145.0,2.0,13.0
522103006042,629.722133,1017.7815306666665,84.0,142.0,3.0,14.0
522104003042,681.4381766666667,1218.8991829166669,90.5,154.4,3.0,15.0
522201005042,2510.3569,2390.3968203333334,94.8,161.5,4.0,14.0
522201006004,2297.9758633333336,1585.3799999999999,144.4,150.4,13.0,24.0
522201011063,744.4788994166666,1703.2088490079361,115.2,165.0,6.0,17.0
522201015032,2090.1518979166667,889.6736526666667,114.1,151.0,7.0,18.0
522201015041,1920.8698262857142,2192.5043662499997,106.5,157.5,6.0,16.0
522201018004,1609.0002154166668,1623.7287276190473,133.6,157.3,11.0,21.0
522201020062,933.6298045833333,1389.4846612499998,79.0,150.4,1.0,12.0
522201061006,1050.6307819166668,2318.822652857143,93.0,157.2,3.0,14.0
522202004005,2247.5266276666666,3377.1649837500004,168.0,169.2,18.0,29.0
522202010007,3201.7135943333337,1565.4925093333331,159.0,162.0,19.0,30.0
522202012022,1595.5055232134146,1814.3166883333333,125.1,160.9,11.0,21.0
522202018022,1206.3015176666665,2484.5267392222217,138.4,166.0,10.0,21.0
522202018061,932.7527873333335,2537.6166805555554,92.0,160.4,2.0,13.0
522202020004,2697.400778333333,1985.486032,167.5,164.0,19.0,29.0
522202063003,879.6696443333334,3256.0058616190477,99.7,166.2,4.0,15.0
522202101004,529.9868333333333,1491.339103333333,91.0,147.9,4.0,14.0
522203007006,3075.633233666667,1592.2360013333334,163.0,165.8,17.0,28.0
522203012032,2145.5962878333335,1171.489004,120.1,159.6,7.0,18.0
522203019031,1540.3666666666668,1497.879149333333,117.0,158.1,8.0,19.0
522203019032,1614.4585,1503.7140536666666,110.0,171.6,6.0,17.0
522204041061,982.4681130833333,1180.6573333333333,90.0,149.7,2.0,13.0
522204064004,1284.335500045761,1045.63929,90.0,151.1,4.0,15.0
522204064061,1413.8240117124278,970.0522299999999,80.3,146.6,2.0,13.0
522301017003,1998.8312256666666,1890.006746,141.3,159.0,14.0,25.0
522301018061,599.0346283333334,2057.7387586666664,90.8,155.0,3.0,14.0
522301043003,892.6096036666668,1552.2651554166669,115.0,166.3,5.0,16.0
522301103003,878.1966666666667,1814.2205944999998,97.0,153.1,4.0,15.0
522302031003,1239.7667046666668,2240.7191026666665,124.5,163.4,9.0,20.0
522302042004,903.4511936666668,980.7554376666667,92.5,155.4,3.0,14.0
522302043003,1314.6033333333332,862.0309163333333,,156.6,4.0,15.0
522303018041,889.969262,1374.2936463333333,87.5,146.1,4.0,15.0
522303041004,1378.510245666667,1357.375267333333,102.1,153.3,6.0,16.0
522303044003,1192.607053,1204.4077391666667,99.6,167.8,4.0,15.0
522304002003,1453.0285706666666,3116.8028226666665,140.0,166.4,12.0,23.0
522304007021,1821.9829403333333,3000.451254,125.9,170.2,9.0,20.0
522304011004,1449.285288,1554.81748,134.4,156.7,12.0,23.0
522304012005,2483.6011963333335,2674.1852673333337,156.6,172.4,13.0,24.0
522304013005,1560.5730746666668,1379.9868043333333,135.7,161.0,13.0,24.0
522304013006,1367.4920950000003,2257.3819231666666,128.5,165.6,11.0,22.0
522304015042,774.0298750000001,1243.313044,95.9,148.8,4.0,15.0
522304015043,580.98229,1181.1373816666667,84.3,142.9,3.0,14.0
522304016061,1235.4675543333333,1283.9202726666665,104.0,151.8,5.0,16.0
522401061003,2432.854072666667,2155.6704846666667,120.1,167.0,7.0,18.0
522401062003,1948.7454316666665,1977.8154536666668,,165.0,4.0,15.0
522401064004,1374.862311125,1908.3795666666663,82.0,149.0,2.0,13.0
522402001008,2387.025,1492.5942137499999,151.0,178.0,12.0,23.0
522402006005,2449.688541,2930.690042,178.0,172.3,16.0,27.0
522402014004,1445.4989518888888,1283.1493346666666,172.0,165.0,18.0,29.0
522402018008,3035.3273676666668,1192.756337,137.5,166.5,12.0,23.0
522403002042,1549.1268836666666,1836.4988253333333,97.0,159.0,4.0,15.0
522403007006,2179.618005,3213.2891876666667,140.1,165.1,12.0,23.0
522403010061,570.9866666666667,1543.3634360000003,89.0,167.5,2.0,13.0
522403011003,3761.3457357777784,1785.1840176666667,163.0,165.3,17.0,28.0
522403011004,2708.75917,1873.4148173333333,162.2,165.4,14.0,25.0
522403011031,2426.208259859419,1676.1613693333331,130.0,171.0,8.0,19.0
522403062003,1710.7087411936418,1639.5910656666665,109.0,176.2,5.0,16.0
522404020042,1521.859888,875.9218263333332,99.2,160.0,3.0,14.0
522404041004,1292.1740873333333,898.3436126666667,,166.0,4.0,15.0
